OfferID,ShopID
14541,11
14542,12
14543,13
31719,13
14544,14
14545,15
31543,15
14658,27
43887,27
14658,28
43887,28
14658,29
43887,29
14661,30
14746,31
35608,31
14747,32
14748,33
14749,34
14750,35
14751,36
14752,37
14826,38
14827,39
42592,39
14828,40
14829,41
14830,42
33308,42
14897,43
14897,44
14898,45
14899,46
14900,47
14901,48
15029,49
15030,50
15031,51
15032,52
49158,52
49159,52
15033,53
15034,54
32321,54
15035,55
15374,56
32156,56
15375,57
15828,58
15829,59
15830,60
29484,60
15831,61
15832,62
15832,63
15833,64
15834,65
15835,66
15836,67
15837,68
15838,70
31544,70
15839,71
31545,71
15888,72
15889,73
49577,73
49578,73
15890,75
15932,76
15933,77
15935,80
15936,81
15937,82
15938,84
15939,85
15940,86
15941,87
15942,88
15943,89
15944,90
16008,91
16009,92
16010,93
16011,94
16012,95
16013,96
16013,97
35171,97
16013,98
16014,99
16037,100
16038,101
16039,102
16040,103
16041,104
16042,105
16043,106
16044,107
16045,108
48575,108
16046,109
16061,110
16062,111
16063,112
16064,113
50482,113
16065,114
19489,114
16066,115
16067,116
16068,118
16069,119
16071,120
16070,121
16072,122
16073,123
16074,124
16075,125
16076,127
16077,128
16078,129
16079,130
16080,132
16081,133
16082,134
16083,135
16085,136
16085,137
16085,138
16085,139
16086,140
16087,141
16088,142
16090,145
16091,146
16092,147
16093,148
16093,149
16402,150
16404,151
16404,152
16404,153
16439,154
16440,155
16441,156
16442,157
34191,157
16443,158
16444,159
16445,160
16445,161
16446,162
16447,163
16448,164
19032,164
16449,165
16567,166
16568,167
16569,168
16570,169
16571,170
16573,172
16574,173
40418,173
16818,176
30625,177
16819,178
17351,206
28632,208
33795,219
28644,313
34633,320
33795,330
26797,351
17351,376
26798,390
28644,430
29334,432
26797,452
29334,457
26822,465
28644,473
17561,479
17558,506
17560,508
29333,508
17351,509
26797,520
17557,525
24715,535
29092,535
26820,543
26812,547
17483,578
17352,580
26801,591
26798,596
17492,601
29458,601
17351,607
17481,628
29334,635
24715,637
29092,637
26822,642
17470,645
29334,679
28644,690
17351,693
24715,704
29092,704
29458,720
26822,734
26801,754
28632,756
29333,769
26812,783
26796,784
17486,785
28644,787
17351,794
26822,807
26820,829
33795,864
29333,888
26797,892
29458,893
26820,901
17351,924
29458,955
17351,977
29334,979
26815,985
26798,989
17349,994
17350,995
24715,997
29092,997
17374,1001
17380,1003
17482,1014
17475,1015
33795,1019
17484,1028
30249,1035
17376,1038
26822,1038
17495,1041
24231,1146
24198,1155
26798,1155
24240,1160
24213,1165
17351,1172
24223,1172
24228,1174
24224,1181
24200,1185
24220,1186
24237,1187
26820,1187
24204,1189
26812,1192
24211,1196
29334,1202
24195,1212
24194,1218
24181,1220
24190,1222
24188,1223
24853,1226
24196,1243
24180,1250
24185,1259
24187,1271
24241,1273
26797,1273
24233,1278
26796,1278
17488,1287
24715,1294
29092,1294
30249,1298
17375,1300
17378,1302
26815,1302
26798,1307
28644,1316
17348,1317
17351,1318
29334,1321
33795,1326
17377,1331
26801,1335
17379,1336
28760,1336
26797,1349
29458,1356
28762,1358
17483,1359
29333,1364
17349,1381
17371,1382
17373,1384
17372,1386
26822,1388
28632,1390
17382,1397
17494,1410
26798,1416
28644,1420
26797,1423
17471,1428
33795,1435
29334,1440
29334,1460
33795,1477
17486,1481
24829,1491
26815,1500
26798,1502
26797,1505
26796,1506
24837,1507
24818,1510
24859,1511
24847,1512
30249,1512
24839,1515
24846,1517
24842,1519
29458,1521
24861,1523
24833,1526
29333,1526
24844,1528
24967,1531
24845,1535
24827,1538
24826,1539
17381,1565
17383,1566
17384,1567
17385,1568
17469,1571
17472,1573
17474,1574
17476,1575
17477,1576
17478,1577
17479,1579
17480,1580
17485,1581
17487,1582
17489,1583
17490,1584
17491,1585
17493,1587
17496,1588
17545,1589
17556,1592
17558,1594
17945,1596
30629,1596
17946,1598
17947,1599
17949,1601
18013,1602
18014,1603
18015,1604
18016,1605
18017,1606
18018,1607
18059,1608
18060,1609
18061,1611
18062,1612
18063,1613
18064,1614
18065,1615
18066,1616
18143,1617
48164,1617
48165,1617
18144,1618
18145,1619
18146,1620
18147,1623
18148,1624
18149,1625
18150,1627
34832,1627
18151,1628
18152,1629
18153,1630
18473,1632
18476,1633
18713,1636
18714,1637
18715,1638
18716,1639
18717,1640
19024,1643
19025,1644
19026,1645
19027,1646
19028,1647
19029,1648
19362,1649
19363,1649
19364,1651
19365,1652
19366,1653
19367,1654
19368,1655
19369,1656
19370,1657
19371,1658
19372,1660
19490,1660
19373,1661
19486,1662
19487,1663
19491,1664
19488,1665
19493,1665
19492,1666
19494,1667
19495,1668
19496,1669
19497,1670
19498,1670
19499,1671
19500,1672
19501,1673
19502,1674
19568,1675
19569,1676
19695,1677
19696,1678
19698,1679
19699,1680
19700,1681
19701,1682
19703,1683
19704,1684
19705,1686
19706,1687
19774,1688
19775,1689
19776,1690
19777,1691
19778,1692
19779,1693
19780,1694
19781,1695
46990,1695
19782,1696
19783,1697
53225,1697
53226,1697
53227,1697
19784,1698
19785,1699
19789,1700
19790,1701
19791,1702
19792,1703
49580,1703
19793,1704
19794,1705
55192,1705
55193,1705
19795,1706
19853,1707
19854,1708
51533,1708
19855,1709
51536,1709
19856,1710
19857,1711
19858,1712
19859,1713
19860,1714
19861,1715
19862,1716
19863,1717
19864,1718
19865,1719
19866,1720
19867,1721
19868,1722
19869,1723
19870,1724
19871,1725
19872,1726
19873,1727
19874,1728
19875,1729
19876,1730
19877,1731
19878,1732
19879,1733
19932,1734
19933,1735
19934,1736
49581,1736
19935,1737
19936,1738
19937,1739
19938,1740
19939,1741
19940,1742
19941,1743
19942,1744
19943,1745
19944,1746
19945,1747
19946,1748
20083,1749
20084,1750
20085,1751
51722,1751
20086,1752
20087,1753
20088,1754
20089,1755
20090,1756
20091,1757
20092,1758
20093,1759
20094,1760
20095,1761
20096,1762
20097,1763
20099,1764
20100,1765
20101,1766
20102,1767
20103,1768
20286,1769
20287,1770
20288,1771
20289,1773
20290,1774
20291,1775
20292,1776
20293,1777
20294,1778
20295,1779
20296,1780
20297,1781
20298,1782
20299,1783
20300,1784
20301,1785
20302,1786
20303,1787
20304,1788
20305,1789
20306,1790
20307,1791
20308,1792
20309,1793
20310,1794
20311,1795
20312,1796
20452,1797
20453,1798
20454,1799
20455,1800
20456,1801
20457,1802
20458,1803
20459,1804
20460,1805
20461,1806
20462,1807
20463,1808
20464,1809
20465,1810
20466,1811
20467,1812
20468,1813
20469,1814
20470,1815
20474,1817
20475,1818
20476,1819
20477,1820
20478,1821
20479,1822
20589,1823
20590,1824
51032,1824
20591,1825
20592,1826
20593,1827
20594,1828
20595,1829
20596,1830
20597,1831
20598,1832
20599,1833
20600,1834
20601,1835
20602,1836
20603,1837
20604,1838
20605,1839
20606,1840
20607,1841
20608,1842
20609,1843
20610,1844
20611,1845
20612,1846
20613,1847
20614,1848
20615,1849
20616,1850
20617,1851
20618,1852
20726,1853
20727,1854
20728,1855
20729,1856
20730,1857
20731,1858
20732,1859
20733,1860
20734,1861
20735,1862
51432,1862
20736,1863
20737,1864
20738,1865
20739,1866
20740,1867
20741,1868
20742,1869
20743,1870
20744,1871
20745,1872
20746,1873
20747,1874
20748,1875
20849,1876
20850,1877
20852,1879
20853,1880
20854,1881
20855,1882
20856,1883
20857,1884
21023,1885
21024,1886
51521,1886
51522,1886
21025,1887
21026,1888
21027,1889
51715,1889
21028,1890
21029,1891
21030,1892
21031,1893
21032,1894
21033,1895
21034,1896
21035,1897
21036,1898
21037,1899
21038,1900
21039,1901
21040,1902
21041,1903
21042,1904
21043,1905
21044,1906
21101,1907
51710,1907
21102,1908
21103,1909
21104,1910
21105,1911
21106,1912
50488,1912
21107,1913
21108,1915
21109,1916
21110,1917
21111,1918
21112,1919
21113,1920
21114,1921
21115,1922
21116,1923
21117,1924
21118,1925
21119,1926
21120,1927
21121,1928
21122,1929
21123,1930
21124,1931
21125,1932
21126,1933
21127,1934
21617,1935
21618,1936
21619,1937
21620,1938
21621,1939
21622,1940
21623,1941
21624,1942
21625,1943
21626,1944
21627,1945
21628,1946
21629,1947
21630,1948
21631,1949
21632,1951
21633,1952
21634,1953
21635,1954
21636,1955
21637,1956
21638,1957
21639,1958
21640,1959
21641,1960
21642,1961
21643,1962
21644,1963
21645,1964
21735,1965
21736,1966
21738,1967
21739,1968
21955,1969
21956,1970
21957,1971
21958,1972
52787,1972
52788,1972
21959,1973
21960,1974
52931,1974
21961,1975
21962,1976
22287,1977
22288,1978
22289,1979
22290,1980
22291,1981
22292,1982
22293,1983
22294,1984
22295,1985
22296,1986
22297,1987
22298,1988
22299,1989
22299,1990
22299,1991
22300,1992
22300,1993
22300,1994
22301,1995
22301,1996
22301,1997
22564,1998
22564,1999
22564,2000
22564,2001
22565,2002
22577,2003
22578,2004
22661,2005
22663,2006
22664,2007
22665,2008
22666,2009
22667,2010
22668,2011
22669,2012
22670,2013
22671,2014
54772,2014
22672,2015
53853,2015
22673,2016
22674,2017
22675,2018
22678,2019
22679,2020
53851,2020
22680,2021
22681,2022
22682,2023
22683,2024
22684,2025
22685,2026
22940,2027
22941,2028
22942,2029
22943,2030
22944,2031
22945,2032
22946,2033
22947,2034
22952,2035
22956,2036
23089,2037
23098,2039
23098,2040
26795,2040
23098,2041
26795,2041
23098,2042
26795,2042
23099,2043
23100,2044
23100,2045
23101,2046
23101,2047
23101,2048
23101,2049
23101,2050
23101,2051
23103,2052
23104,2053
23104,2054
23104,2056
23105,2057
23105,2058
23105,2059
23105,2060
23105,2061
23105,2062
23269,2063
23269,2064
23269,2065
23269,2066
23269,2067
23270,2068
23271,2069
23272,2070
23273,2071
23274,2072
23275,2073
23276,2074
23277,2075
23278,2076
23279,2077
23300,2100
23301,2101
23302,2102
23303,2103
23304,2104
23305,2105
23306,2106
23307,2107
23308,2108
23309,2109
23310,2110
23311,2111
23312,2112
23313,2113
23314,2114
23315,2115
23316,2116
23317,2117
23318,2118
23319,2119
23320,2120
23321,2121
23322,2122
23323,2123
23324,2124
23325,2125
23326,2126
23327,2127
23328,2128
23329,2129
23330,2130
23331,2131
23332,2132
23333,2133
23334,2134
23335,2135
23336,2136
23337,2137
23338,2138
23339,2139
23340,2140
23341,2141
23342,2142
23343,2143
23344,2144
23345,2145
23346,2146
23347,2147
23348,2148
23349,2149
23350,2150
23351,2151
23352,2152
23353,2153
23354,2154
23355,2155
23356,2156
23357,2157
23358,2158
23359,2159
23360,2160
23361,2161
23362,2162
23363,2163
23364,2164
23365,2165
23366,2166
23367,2167
23368,2168
23369,2169
23370,2170
23371,2171
23372,2172
23373,2173
23374,2174
23375,2175
23376,2176
23377,2177
23378,2178
23379,2179
23380,2180
23381,2181
23382,2182
23383,2183
23384,2184
23385,2185
23386,2186
23387,2187
23388,2188
23389,2189
23390,2190
23391,2191
23392,2192
23393,2193
23394,2194
23395,2195
23396,2196
23397,2197
23398,2198
23399,2199
23400,2200
23401,2201
23402,2202
23403,2203
23404,2204
23405,2205
23406,2206
23407,2207
23408,2208
23409,2209
23410,2210
23411,2211
23412,2212
23413,2213
23414,2214
23415,2215
23416,2216
23417,2217
23418,2218
23419,2219
23420,2220
23421,2221
23422,2222
23423,2223
23424,2224
23425,2225
23426,2226
23427,2227
23428,2228
23429,2229
23430,2230
23431,2231
23432,2232
23433,2233
23434,2234
23435,2235
23436,2236
23437,2237
23438,2238
23439,2239
23440,2240
23441,2241
23442,2242
23443,2243
23444,2244
23445,2245
23446,2246
23447,2247
23448,2248
23449,2249
23450,2250
23451,2251
23452,2252
23453,2253
23454,2254
23455,2255
23456,2256
23457,2257
23458,2258
23459,2259
23460,2260
23461,2261
23462,2262
23463,2263
23464,2264
23465,2265
23466,2266
23467,2267
23468,2268
23469,2269
23470,2270
23471,2271
23472,2272
23473,2273
23474,2274
23475,2275
23476,2276
23477,2277
23478,2278
23479,2279
23480,2280
23481,2281
23482,2282
23483,2283
23484,2284
23485,2285
23486,2286
23487,2287
23488,2288
23489,2289
23490,2290
23491,2291
23492,2292
23493,2293
23494,2294
23495,2295
23496,2296
23497,2297
23498,2298
23499,2299
23500,2300
23501,2301
23502,2302
23503,2303
23504,2304
23505,2305
23506,2306
23507,2307
23508,2308
23509,2309
23510,2310
23511,2311
23512,2312
23513,2313
23514,2314
23515,2315
23516,2316
23517,2317
23518,2318
23519,2319
23520,2320
23521,2321
23522,2322
23523,2323
23524,2324
23525,2325
23526,2326
23527,2327
23528,2328
23529,2329
23530,2330
23531,2331
23532,2332
23533,2333
23534,2334
23535,2335
23536,2336
23537,2337
23538,2338
23539,2339
23540,2340
23541,2341
23542,2342
23543,2343
23544,2344
23545,2345
23546,2346
23547,2347
23548,2348
23549,2349
23550,2350
23551,2351
23552,2352
23553,2353
23554,2354
23555,2355
23556,2356
23557,2357
23558,2358
23559,2359
23560,2360
23561,2361
23562,2362
23563,2363
23564,2364
23565,2365
23566,2366
23567,2367
23568,2368
23569,2369
23570,2370
23571,2371
23572,2372
23573,2373
23574,2374
23575,2375
23576,2376
23577,2377
23578,2378
23579,2379
23580,2380
23581,2381
23582,2382
23583,2383
23584,2384
23585,2385
23586,2386
23587,2387
23588,2388
23589,2389
23590,2390
23591,2391
23592,2392
23593,2393
23594,2394
23595,2395
23596,2396
23597,2397
23598,2398
23599,2399
23600,2400
23601,2401
23602,2402
23603,2403
23604,2404
23605,2405
23606,2406
23607,2407
23608,2408
23609,2409
23610,2410
23611,2411
23612,2412
23613,2413
23614,2414
23615,2415
23616,2416
23617,2417
23618,2418
23619,2419
23620,2420
23621,2421
23622,2422
23623,2423
23624,2424
23625,2425
23626,2426
23627,2427
23628,2428
23629,2429
23630,2430
23631,2431
23632,2432
23633,2433
23634,2434
23635,2435
23636,2436
23637,2437
23638,2438
23639,2439
23640,2440
23641,2441
23642,2442
23643,2443
23644,2444
23645,2445
23646,2446
23647,2447
23648,2448
23649,2449
23650,2450
23651,2451
23652,2452
23653,2453
23654,2454
23655,2455
23656,2456
23657,2457
23658,2458
23659,2459
23660,2460
23661,2461
23662,2462
23663,2463
23664,2464
23665,2465
23666,2466
23667,2467
23668,2468
23669,2469
23670,2470
23671,2471
23672,2472
23673,2473
23674,2474
23675,2475
23676,2476
23677,2477
23678,2478
23679,2479
23680,2480
23681,2481
23682,2482
23683,2483
23684,2484
23685,2485
23686,2486
23687,2487
23688,2488
23689,2489
23690,2490
23691,2491
23692,2492
23693,2493
23694,2494
23695,2495
23696,2496
23697,2497
23698,2498
23699,2499
23700,2500
23701,2501
23702,2502
23703,2503
23704,2504
23705,2505
23706,2506
23707,2507
23708,2508
23709,2509
23710,2510
23711,2511
23712,2512
23713,2513
23714,2514
23715,2515
23716,2516
23717,2517
23718,2518
23719,2519
23720,2520
23721,2521
23722,2522
23723,2523
23724,2524
23725,2525
23726,2526
23727,2527
23728,2528
23729,2529
23730,2530
23731,2531
23732,2532
23733,2533
23734,2534
23735,2535
23736,2536
23737,2537
23738,2538
23739,2539
23740,2540
23741,2541
23742,2542
23743,2543
23744,2544
23745,2545
23746,2546
23747,2547
23748,2548
23749,2549
23750,2550
23751,2551
23752,2552
23753,2553
23754,2554
23755,2555
23756,2556
23757,2557
23758,2558
23759,2559
23760,2560
23761,2561
23762,2562
23763,2563
23764,2564
23765,2565
23766,2566
23767,2567
23768,2568
23769,2569
23770,2570
23771,2571
23772,2572
23773,2573
23774,2574
23775,2575
23776,2576
23777,2577
23778,2578
23779,2579
23780,2580
23781,2581
23782,2582
23783,2583
23784,2584
23785,2585
23786,2586
23787,2587
23788,2588
23789,2589
23790,2590
23791,2591
23792,2592
23793,2593
23794,2594
23795,2595
23796,2596
23797,2597
23798,2598
23799,2599
23800,2600
23801,2601
23802,2602
23803,2603
23804,2604
23805,2605
23806,2606
23807,2607
23808,2608
23809,2609
23810,2610
23811,2611
23812,2612
23813,2613
23814,2614
23815,2615
23816,2616
23817,2617
23818,2618
23819,2619
23820,2620
23821,2621
23822,2622
23823,2623
23824,2624
23825,2625
23826,2626
23827,2627
23828,2628
23829,2629
23830,2630
23831,2631
23832,2632
23833,2633
23834,2634
23835,2635
23836,2636
23837,2637
23838,2638
23839,2639
23840,2640
23841,2641
23842,2642
23843,2643
23844,2644
23845,2645
23846,2646
23847,2647
23848,2648
23849,2649
23850,2650
23851,2651
23852,2652
23853,2653
23854,2654
23855,2655
23856,2656
23857,2657
23858,2658
23859,2659
23860,2660
23861,2661
23862,2662
23863,2663
23864,2664
23865,2665
23866,2666
23867,2667
23868,2668
23869,2669
23870,2670
23871,2671
23872,2672
23873,2673
23874,2674
23875,2675
23876,2676
23877,2677
23878,2678
23879,2679
23880,2680
23881,2681
23882,2682
23883,2683
23884,2684
23885,2685
23886,2686
23887,2687
23888,2688
23889,2689
23890,2690
23891,2691
23892,2692
23893,2693
23894,2694
23895,2695
23896,2696
23897,2697
23898,2698
23899,2699
23900,2700
23901,2701
23902,2702
23903,2703
23904,2704
23905,2705
23906,2706
23907,2707
23908,2708
23909,2709
23910,2710
23911,2711
23912,2712
23913,2713
23914,2714
23915,2715
23916,2716
23917,2717
23918,2718
23919,2719
23920,2720
23921,2721
23922,2722
23923,2723
23924,2724
23925,2725
23926,2726
23927,2727
23928,2728
23929,2729
23930,2730
23931,2731
23932,2732
23933,2733
23934,2734
23935,2735
23936,2736
23937,2737
23938,2738
23939,2739
23940,2740
23941,2741
23942,2742
23943,2743
23944,2744
23945,2745
23946,2746
23947,2747
23948,2748
23949,2749
23950,2750
23951,2751
23952,2752
23953,2753
23954,2754
23955,2755
23956,2756
23957,2757
23958,2758
23959,2759
23960,2760
23961,2761
23962,2762
23963,2763
23964,2764
23965,2765
23966,2766
23967,2767
23968,2768
23969,2769
23970,2770
23971,2771
23972,2772
23973,2773
23974,2774
23975,2775
23976,2776
23977,2777
23978,2778
23979,2779
23980,2780
23981,2781
23982,2782
23983,2783
23984,2784
23985,2785
23986,2786
23987,2787
23988,2788
23989,2789
23990,2790
23991,2791
23992,2792
23993,2793
23994,2794
23995,2795
23996,2796
23997,2797
23998,2798
23999,2799
24000,2800
24001,2801
24002,2802
24003,2803
24004,2804
24005,2805
24006,2806
24007,2807
24008,2808
24009,2809
24010,2810
24011,2811
24012,2812
24013,2813
24014,2814
24015,2815
24016,2816
24017,2817
24018,2818
24019,2819
24020,2820
24021,2821
24022,2822
24023,2823
24024,2824
24025,2825
24026,2826
24027,2827
24028,2828
24029,2829
24030,2830
24031,2831
24032,2832
24033,2833
24034,2834
24035,2835
24036,2836
24037,2837
24038,2838
24039,2839
24040,2840
24041,2841
24042,2842
24043,2843
24044,2844
24045,2845
24046,2846
24047,2847
24048,2848
24049,2849
24050,2850
24051,2851
24052,2852
24053,2853
24054,2854
24055,2855
24056,2856
24057,2857
24058,2858
24059,2859
24060,2860
24061,2861
24062,2862
24063,2863
24064,2864
24065,2865
24066,2866
24067,2867
24068,2868
24069,2869
24070,2870
24071,2871
24072,2872
24073,2873
24074,2874
24075,2875
24076,2876
24077,2877
24078,2878
24079,2879
24080,2880
24081,2881
24082,2882
24083,2883
24084,2884
24085,2885
24086,2886
24087,2887
24088,2888
24089,2889
24090,2890
24092,2891
24093,2892
24094,2893
24095,2894
24171,2895
24172,2896
24173,2897
24174,2898
24175,2899
24176,2900
24177,2901
24178,2902
24184,2903
24189,2904
24193,2905
26822,2905
24202,2906
24203,2907
24205,2908
24206,2909
24208,2910
24209,2911
24210,2912
24216,2913
24217,2914
24218,2915
24221,2916
24222,2917
24225,2918
24226,2919
24227,2920
24229,2921
24230,2922
24232,2923
24234,2924
24238,2925
24239,2926
24243,2927
24244,2928
24244,2929
24820,2929
24245,2930
24245,2931
24245,2932
24245,2933
24245,2934
24375,2935
28631,2935
24376,2936
54002,2936
24377,2937
24378,2938
24379,2939
24380,2940
24381,2941
24382,2942
24383,2943
24384,2944
24385,2945
24386,2946
24387,2947
24388,2948
24389,2949
24390,2950
24391,2951
24393,2952
53209,2952
24477,2953
24478,2954
24479,2955
24480,2956
24481,2957
24482,2958
24483,2959
24484,2960
24485,2961
24487,2962
24488,2963
24489,2964
24490,2965
24491,2966
24492,2967
24493,2968
24494,2969
24495,2970
24496,2971
24497,2972
24498,2973
24499,2974
24500,2975
24501,2976
24502,2977
24503,2978
24504,2979
24505,2980
24505,2981
24505,2982
24715,2983
24857,2983
29092,2983
24716,2984
24717,2985
24718,2986
24817,2987
24819,2988
24821,2989
24822,2990
24823,2991
24824,2992
24825,2993
29492,2993
24828,2994
24830,2995
26813,2995
29457,2995
24832,2996
24834,2997
24835,2998
24836,2999
24840,3000
24843,3001
24848,3002
29334,3002
24849,3003
24850,3004
24851,3005
24852,3006
24854,3007
24856,3008
24858,3009
24860,3010
26822,3010
24863,3011
24864,3012
24865,3013
24969,3014
24971,3015
24972,3016
24973,3017
24974,3018
24975,3019
24976,3020
24977,3021
24978,3022
24979,3023
25156,3024
25157,3025
25158,3026
25159,3027
25160,3028
26000,3200
26000,3201
26000,3202
26000,3203
26000,3204
26001,3205
26000,3206
26000,3207
26002,3208
26003,3209
26004,3210
26000,3211
26005,3212
26000,3213
26000,3214
26000,3215
26000,3216
26000,3217
26000,3218
26000,3219
26000,3220
26000,3221
26000,3222
26006,3223
26007,3224
26008,3225
26009,3226
26010,3227
26011,3228
26000,3229
26000,3230
26012,3231
26013,3232
26000,3233
26000,3234
26000,3235
26000,3236
26014,3237
26015,3238
26000,3239
26000,3240
26000,3241
26016,3242
26016,3243
26000,3244
26000,3245
26000,3246
26000,3247
26016,3248
26000,3249
26000,3250
26000,3251
26017,3252
26018,3253
26000,3254
26019,3255
26016,3256
26000,3257
26000,3258
26000,3259
26000,3260
26000,3261
26020,3262
26021,3263
26000,3264
26000,3265
26016,3266
26000,3267
26016,3268
26000,3269
26022,3270
26000,3271
26023,3272
26000,3273
26000,3274
26000,3275
26024,3276
26000,3277
26000,3278
26025,3279
26016,3280
26000,3281
26000,3282
26026,3283
26027,3284
26000,3285
26000,3286
26000,3287
26000,3288
26000,3289
26000,3290
26000,3291
26028,3292
26029,3293
26000,3294
26000,3295
26000,3296
26000,3297
26000,3298
26030,3299
26000,3300
26031,3301
26032,3302
26024,3303
26033,3304
26000,3305
26000,3306
26034,3307
26035,3308
26024,3309
26016,3310
26000,3311
26036,3312
26037,3313
26000,3314
26000,3315
26038,3316
26039,3317
26000,3318
26000,3319
26040,3320
26000,3321
26000,3322
26000,3323
26000,3324
26016,3325
26000,3326
26000,3327
26000,3328
26000,3329
26041,3330
26000,3331
26042,3332
26043,3333
26000,3334
26000,3335
26016,3336
26044,3337
26045,3338
26046,3339
26047,3340
26048,3341
26049,3342
26050,3343
26050,3344
26016,3345
26000,3346
26000,3347
26051,3348
26052,3349
26053,3350
26000,3351
26054,3352
26000,3353
26000,3354
26055,3355
26000,3356
26056,3357
26057,3358
26058,3359
26059,3360
26060,3361
26000,3362
26000,3363
26000,3364
26061,3365
26000,3366
26000,3367
26000,3368
26000,3369
26000,3370
26000,3371
26000,3372
26062,3373
26024,3374
26063,3375
26064,3376
26000,3377
26000,3378
26000,3379
26000,3380
26065,3381
26066,3382
26067,3383
26000,3384
26000,3385
26068,3386
26000,3387
26000,3388
26000,3389
26000,3390
26024,3391
26069,3392
26050,3393
26000,3394
26070,3395
26071,3396
26050,3397
26050,3398
26000,3399
26000,3400
26000,3401
26016,3402
26000,3403
26072,3404
26073,3405
26000,3406
26074,3407
26075,3408
26076,3409
26000,3410
26000,3411
26000,3412
26000,3413
26000,3414
26016,3415
26077,3416
26078,3417
26079,3418
26080,3419
26081,3420
26082,3421
26000,3422
26000,3423
26024,3424
26033,3425
26000,3426
26000,3427
26000,3428
26083,3429
26084,3430
26085,3431
26086,3432
26000,3433
26000,3434
26014,3435
26000,3436
26016,3437
26000,3438
26000,3439
26000,3440
26000,3441
26087,3442
26000,3443
26014,3444
26000,3445
26000,3446
26000,3447
26000,3448
26016,3449
26000,3450
26000,3451
26088,3452
26000,3453
26085,3454
26000,3455
26000,3456
26000,3457
26089,3458
26016,3459
26000,3460
26090,3461
26091,3462
26000,3463
26000,3464
26016,3465
26000,3466
26092,3467
26000,3468
26016,3469
26016,3470
26016,3471
26000,3472
26033,3473
26000,3474
26093,3475
26094,3476
26095,3477
26096,3478
26097,3479
26000,3480
26000,3481
26014,3482
26000,3483
26016,3484
26000,3485
26000,3486
26000,3487
26050,3488
26098,3489
26000,3490
26000,3491
26099,3492
26000,3493
26016,3494
26016,3495
26100,3496
26000,3497
26000,3498
26000,3499
26000,3500
26016,3501
26000,3502
26000,3503
26000,3504
26101,3505
26102,3506
26000,3507
26103,3508
26104,3509
26050,3510
26000,3511
26000,3512
26098,3513
26000,3514
26000,3515
26088,3516
26000,3517
26000,3518
26000,3519
26000,3520
26000,3521
26000,3522
26016,3523
26000,3524
26000,3525
26000,3526
26000,3527
26000,3528
26000,3529
26105,3530
26106,3531
26000,3532
26000,3533
26016,3534
26016,3535
26016,3536
26000,3537
26000,3538
26000,3539
26016,3540
26000,3541
26024,3542
26000,3543
26000,3544
26000,3545
26000,3546
26000,3547
26000,3548
26107,3549
26000,3550
26108,3551
26109,3552
26110,3553
26016,3554
26000,3555
26111,3556
26112,3557
26113,3558
26114,3559
26115,3560
26116,3561
26117,3562
26024,3563
26050,3564
26118,3565
26119,3566
26120,3567
26098,3568
26000,3569
26000,3570
26000,3571
26000,3572
26121,3573
26000,3574
26000,3575
26000,3576
26000,3577
26000,3578
26000,3579
26024,3580
26088,3581
26069,3582
26000,3583
26122,3584
26123,3585
26124,3586
26125,3587
26126,3588
26127,3589
26000,3590
26000,3591
26000,3592
26000,3593
26128,3594
26129,3595
26130,3596
26000,3597
26000,3598
26000,3599
26000,3600
26000,3601
26000,3602
26131,3603
26000,3604
26000,3605
26000,3606
26000,3607
26000,3608
26000,3609
26000,3610
26000,3611
26000,3612
26000,3613
26000,3614
26098,3615
26050,3616
26132,3617
26000,3618
26000,3619
26133,3620
26000,3621
26000,3622
26000,3623
26134,3624
26135,3625
26136,3626
26000,3627
26137,3628
26000,3629
26000,3630
26000,3631
26000,3632
26138,3633
26139,3634
26140,3635
26141,3636
26000,3637
26000,3638
26137,3639
26000,3640
26137,3641
26137,3642
26142,3643
26142,3644
26098,3645
26000,3646
26024,3647
26050,3648
26143,3649
26137,3650
26000,3651
26033,3652
26140,3653
26144,3654
26145,3655
26056,3656
26137,3657
26147,3658
26000,3659
26024,3660
26148,3661
26024,3662
26149,3663
26150,3664
26151,3665
26152,3666
26153,3667
26154,3668
26155,3669
26156,3670
26157,3671
26137,3672
26142,3673
26158,3674
26159,3675
26160,3676
26137,3677
26000,3678
26016,3679
26000,3680
26000,3681
26161,3682
26162,3683
26163,3684
26164,3685
26024,3686
26088,3687
26000,3688
26132,3689
26000,3690
26142,3691
26165,3692
26166,3693
26167,3694
26141,3695
26050,3696
26000,3697
26000,3698
26168,3699
26000,3700
26169,3701
26170,3702
26137,3703
26171,3704
26172,3705
26173,3706
26142,3707
26174,3708
26137,3709
26000,3710
26000,3711
26000,3712
26000,3713
26137,3714
26137,3715
26142,3716
26120,3717
26175,3718
26000,3719
26176,3720
26000,3721
26177,3722
26178,3723
26179,3724
26180,3725
26000,3726
26181,3727
26000,3728
26182,3729
26000,3730
26000,3731
26183,3732
26184,3733
26185,3734
26186,3735
26187,3736
26188,3737
26189,3738
26190,3739
26000,3740
26000,3741
26000,3742
26000,3743
26000,3744
26191,3745
26192,3746
26193,3747
26000,3748
26194,3749
26195,3750
26196,3751
26197,3752
26198,3753
26199,3754
26200,3755
26201,3756
26202,3757
26000,3758
26203,3759
26204,3760
26205,3761
26206,3762
26000,3763
26207,3764
26208,3765
26209,3766
26000,3767
26210,3768
26211,3769
26000,3770
26000,3771
26212,3772
26213,3773
26214,3774
26215,3775
26000,3776
26216,3777
26000,3778
26217,3779
26218,3780
26219,3781
26193,3782
26000,3783
26000,3784
26220,3785
26000,3786
26221,3787
26222,3788
26000,3789
26000,3790
26000,3791
26223,3792
26224,3793
26000,3794
26000,3795
26000,3796
26225,3797
26226,3798
26227,3799
26000,3800
26000,3801
26000,3802
26000,3803
26228,3804
26183,3805
26024,3806
26098,3807
26229,3808
26000,3809
26000,3810
26000,3811
26230,3812
26231,3813
26000,3814
26000,3815
26232,3816
26233,3817
26000,3818
26234,3819
26069,3820
26000,3821
26235,3822
26000,3823
26236,3824
26237,3825
26000,3826
26000,3827
26000,3828
26000,3829
26088,3830
26238,3831
26000,3832
26000,3833
26000,3834
26000,3835
26239,3836
26183,3837
26024,3838
26240,3839
26241,3840
26242,3841
26243,3842
26244,3843
26245,3844
26246,3845
26000,3846
26247,3847
26000,3848
26248,3849
26249,3850
26250,3851
26251,3852
26252,3853
26253,3854
26000,3855
26254,3856
26000,3857
26024,3858
26000,3859
26000,3860
26000,3861
26255,3862
26016,3863
26256,3864
26257,3865
26000,3866
26258,3867
26259,3868
26000,3869
26260,3870
26261,3871
26262,3872
26263,3873
26264,3874
26265,3875
26266,3876
26267,3877
26000,3878
26268,3879
26016,3880
26000,3881
26000,3882
26000,3883
26000,3884
26016,3885
26269,3886
26000,3887
26000,3888
26000,3889
26270,3890
26271,3891
26272,3892
26193,3893
26257,3894
26273,3895
26274,3896
26069,3897
26275,3898
26276,3899
26000,3900
26000,3901
26260,3902
26000,3903
26277,3904
26278,3905
26000,3906
26098,3907
26279,3908
26000,3909
26280,3910
26000,3911
26281,3912
26000,3913
26282,3914
26283,3915
26275,3916
26000,3917
26024,3918
26033,3919
26284,3920
26285,3921
26286,3922
26000,3923
26000,3924
26287,3925
26288,3926
26289,3927
26000,3928
26000,3929
26024,3930
26290,3931
26000,3932
26291,3933
26282,3934
26000,3935
26292,3936
26293,3937
26000,3938
26294,3939
26295,3940
26296,3941
26297,3942
26198,3943
26000,3944
26000,3945
26131,3946
26299,3947
26183,3948
26000,3949
26300,3950
26000,3951
26301,3952
26000,3953
26000,3954
26302,3955
26000,3956
26000,3957
26000,3958
26024,3959
26000,3960
26303,3961
26304,3962
26305,3963
26306,3964
26098,3965
26307,3966
26000,3967
26016,3968
26000,3969
26000,3970
26308,3971
26033,3972
26309,3973
26000,3974
26310,3975
26000,3976
26024,3977
26050,3978
26311,3979
26000,3980
26284,3981
26016,3982
26311,3983
26312,3984
26313,3985
26000,3986
26000,3987
26000,3988
26000,3989
26000,3990
26000,3991
26000,3992
26000,3993
26314,3994
26315,3995
26316,3996
26317,3997
26318,3998
26319,3999
26320,4000
26321,4001
26000,4002
26322,4003
26323,4004
26000,4005
26000,4006
26000,4007
26324,4008
26324,4009
26324,4010
26000,4011
26324,4012
26000,4013
26132,4014
26000,4015
26000,4016
26000,4017
26325,4018
26326,4019
26327,4020
26325,4021
26098,4022
26325,4023
26000,4024
26098,4025
26050,4026
26000,4027
26272,4028
26000,4029
26328,4030
26000,4031
26098,4032
26024,4033
26000,4034
26000,4035
26000,4036
26329,4037
26000,4038
26000,4039
26000,4040
26000,4041
26000,4042
26000,4043
26330,4044
26024,4045
26000,4046
26000,4047
26331,4048
26332,4049
26332,4050
26333,4051
26334,4052
26000,4053
26069,4054
26335,4055
26336,4056
26337,4057
26338,4058
26339,4059
26340,4060
26341,4061
26342,4062
26000,4063
26343,4064
26344,4065
26345,4066
26346,4067
26000,4068
26347,4069
26348,4070
26349,4071
26350,4072
26351,4073
26000,4074
26352,4075
26353,4076
26354,4077
26000,4078
26355,4079
26356,4080
26357,4081
26358,4082
26359,4083
26000,4084
26000,4085
26024,4086
26098,4087
26000,4088
26000,4089
26000,4090
26360,4091
26361,4092
26132,4093
26000,4094
26000,4095
26000,4096
26362,4097
26363,4098
26364,4099
26000,4100
26000,4101
26000,4102
26000,4103
26365,4104
26000,4105
26000,4106
26366,4107
26367,4108
26368,4109
26364,4110
26369,4111
26370,4112
26000,4113
26000,4114
26000,4115
26330,4116
26000,4117
26000,4118
26371,4119
26372,4120
26373,4121
26374,4122
26000,4123
26000,4124
26000,4125
26000,4126
26000,4127
26000,4128
26132,4129
26000,4130
26000,4131
26375,4132
26000,4133
26000,4134
26098,4135
26000,4136
26050,4137
26050,4138
26050,4139
26050,4140
26050,4141
26050,4142
26050,4143
26000,4144
26000,4145
26000,4146
26000,4147
26000,4148
26000,4149
26000,4150
26098,4151
26050,4152
26000,4153
26000,4154
26000,4155
26000,4156
26000,4157
26000,4158
26000,4159
26000,4160
26376,4161
26377,4162
26000,4163
26000,4164
26000,4165
26000,4166
26276,4167
26050,4168
26378,4169
26379,4170
26380,4171
26381,4172
26272,4173
26382,4174
26383,4175
26384,4176
26385,4177
26386,4178
26387,4179
26388,4180
26388,4181
26000,4182
26000,4183
26389,4184
26390,4185
26391,4186
26392,4187
26050,4188
26393,4189
26000,4190
26000,4191
26000,4192
26024,4193
26000,4194
26050,4195
26272,4196
26000,4197
26394,4198
26395,4199
26396,4200
26000,4201
26397,4202
26000,4203
26000,4204
26000,4205
26024,4206
26398,4207
26399,4208
26400,4209
26401,4210
26402,4211
26000,4212
26000,4213
26000,4214
26403,4215
26404,4216
26120,4217
26405,4218
26406,4219
26407,4220
26408,4221
26409,4222
26410,4223
26411,4224
26412,4225
26413,4226
26414,4227
26415,4228
26416,4229
26417,4230
26418,4231
26419,4232
26420,4233
26421,4234
26422,4235
26423,4236
26424,4237
26425,4238
26000,4239
26000,4240
26000,4241
26426,4242
26000,4243
26000,4244
26427,4245
26000,4246
26428,4247
26024,4248
26000,4249
26429,4250
26430,4251
26431,4252
26432,4253
26433,4254
26434,4255
26000,4256
26435,4257
26436,4258
26437,4259
26438,4260
26439,4261
26440,4262
26000,4263
26441,4264
26442,4265
26443,4266
26444,4267
26445,4268
26446,4269
26000,4270
26000,4271
26447,4272
26448,4273
26449,4274
26450,4275
26451,4276
26452,4277
26000,4278
26000,4279
26453,4280
26454,4281
26455,4282
26456,4283
26000,4284
26000,4285
26457,4286
26000,4287
26458,4288
26000,4289
26459,4290
26460,4291
26461,4292
26000,4293
26462,4294
26463,4295
26458,4296
26464,4297
26387,4298
26466,4299
26466,4300
26000,4301
26000,4302
26467,4303
26468,4304
26000,4305
26000,4306
26469,4307
26470,4308
26471,4309
26472,4310
26473,4311
26474,4312
26475,4313
26476,4314
26477,4315
26478,4316
26479,4317
26480,4318
26481,4319
26482,4320
26000,4321
26000,4322
26000,4323
26483,4324
26484,4325
26050,4326
26485,4327
26000,4328
26098,4329
26486,4330
26466,4331
26000,4332
26487,4333
26488,4334
26489,4335
26490,4336
26491,4337
26492,4338
26493,4339
26494,4340
26000,4341
26495,4342
26000,4343
26496,4344
26497,4345
26498,4346
26499,4347
26500,4348
26501,4349
26502,4350
26503,4351
26504,4352
26505,4353
26506,4354
26507,4355
26508,4356
26509,4357
26510,4358
26511,4359
26512,4360
26513,4361
26514,4362
26000,4363
26000,4364
26515,4365
26516,4366
26517,4367
26000,4368
26518,4369
26000,4370
26519,4371
26520,4372
26493,4373
26466,4374
26521,4375
26000,4376
26522,4377
26523,4378
26000,4379
26524,4380
26000,4381
26525,4382
26526,4383
26527,4384
26528,4385
26529,4386
26530,4387
26531,4388
26000,4389
26471,4390
26000,4391
26532,4392
26533,4393
26534,4394
26535,4395
26536,4396
26537,4397
26538,4398
26539,4399
26540,4400
26541,4401
26000,4402
26542,4403
26387,4404
26543,4405
26000,4406
26544,4407
26545,4408
26546,4409
26547,4410
26548,4411
26549,4412
26000,4413
26550,4414
26551,4415
26000,4416
26000,4417
26552,4418
26515,4419
26553,4420
26000,4421
26554,4422
26555,4423
26556,4424
26557,4425
26558,4426
26000,4427
26544,4428
26559,4429
26560,4430
26561,4431
26562,4432
26000,4433
26000,4434
26563,4435
26564,4436
26000,4437
26565,4438
26000,4439
26566,4440
26567,4441
26568,4442
26569,4443
26570,4444
26571,4445
26572,4446
26573,4447
26574,4448
26575,4449
26576,4450
26577,4451
26578,4452
26579,4453
26580,4454
26000,4455
26581,4456
26582,4457
26000,4458
26583,4459
26584,4460
26000,4461
26585,4462
26586,4463
26587,4464
26588,4465
26589,4466
26590,4467
26591,4468
26592,4469
26593,4470
26594,4471
26595,4472
26000,4473
26000,4474
26000,4475
26000,4476
26000,4477
26000,4478
26000,4479
26596,4480
26597,4481
26598,4482
26599,4483
26069,4484
26600,4485
26601,4486
26602,4487
26603,4488
26604,4489
26605,4490
26606,4491
26000,4492
26000,4493
26000,4494
26607,4495
26000,4496
26000,4497
26000,4498
26608,4499
26000,4500
26000,4501
26000,4502
26000,4503
26000,4504
26000,4505
26000,4506
26000,4507
26000,4508
26000,4509
26000,4510
26000,4511
26000,4512
26000,4513
26098,4514
26098,4515
26098,4516
26098,4517
26016,4518
26000,4519
26000,4520
26000,4521
26609,4522
26610,4523
26611,4524
26000,4525
26000,4526
26000,4527
26050,4528
26612,4529
26613,4530
26000,4531
26000,4532
26000,4533
26614,4534
26072,4535
26615,4536
26616,4537
26016,4538
26000,4539
26617,4540
26618,4541
26014,4542
26619,4543
26620,4544
26016,4545
26050,4546
26016,4547
26016,4548
26621,4549
26024,4550
26000,4551
26622,4552
26623,4553
26000,4554
26000,4555
26000,4556
26000,4557
26000,4558
26000,4559
26098,4560
26016,4561
26016,4562
26624,4563
26625,4564
26261,4565
26000,4566
26000,4567
26000,4568
26330,4569
26330,4570
26000,4571
26000,4572
26627,4573
26628,4574
26000,4575
26629,4576
26630,4577
26631,4578
26632,4579
26633,4580
26634,4581
26635,4582
26000,4583
26016,4584
26000,4585
26636,4586
26637,4587
26638,4588
26639,4589
26640,4590
26641,4591
26000,4592
26642,4593
26643,4594
26644,4595
26645,4596
26000,4597
26000,4598
26646,4599
26000,4600
26000,4601
26647,4602
26458,4603
26024,4604
26648,4605
26649,4606
26120,4607
26098,4608
26544,4609
26000,4610
26000,4611
26000,4612
26650,4613
26651,4614
26272,4615
26652,4616
26653,4617
26654,4618
26137,4619
26024,4620
26000,4621
26000,4622
26408,4623
26795,4624
26795,4625
26796,4626
26800,4627
26800,4628
26800,4629
26800,4630
26800,4631
26803,4632
26803,4633
26803,4634
26805,4635
26811,4636
26811,4637
26811,4638
26811,4639
26811,4640
26811,4641
26811,4642
26813,4643
29457,4643
26814,4644
26814,4645
26814,4646
26814,4647
26814,4648
26816,4650
29453,4650
34211,4650
26816,4651
29453,4651
34211,4651
26817,4653
26818,4654
26819,4655
26820,4656
26820,4657
26820,4658
26821,4659
26821,4660
26821,4661
26821,4662
26821,4663
26822,4664
26823,4665
26827,4666
26827,4667
26827,4668
26827,4669
26830,4670
26831,4671
26832,4672
26833,4673
26834,4674
26835,4675
26836,4676
26837,4677
26838,4678
26839,4679
26840,4680
26841,4681
26842,4682
26844,4683
26845,4684
26846,4685
26847,4686
26848,4687
26849,4688
26850,4689
26851,4690
27113,4691
27169,4692
27170,4693
27171,4694
27172,4695
27173,4696
27174,4697
27175,4698
27176,4699
27177,4700
53830,4700
27178,4701
27179,4702
27180,4703
27285,4704
27286,4705
27287,4706
27288,4707
27289,4708
27290,4709
27291,4710
52327,4710
27292,4711
27293,4712
27294,4713
27295,4714
27296,4715
27297,4716
27298,4717
27299,4718
27300,4719
27301,4720
27302,4721
27303,4722
27304,4723
27305,4724
27306,4725
27307,4726
27308,4727
27309,4728
27310,4729
27311,4730
27312,4731
27313,4732
27314,4733
27315,4734
27316,4735
27317,4736
27318,4737
27319,4738
27320,4739
27322,4740
27323,4741
27324,4742
27325,4743
27326,4744
27327,4745
27328,4746
27329,4747
27330,4748
27331,4749
27332,4750
27630,4751
27631,4752
27632,4753
27633,4754
27634,4755
27800,4900
27801,4901
27802,4902
27803,4903
27804,4904
27805,4905
27806,4906
27807,4907
27808,4908
27809,4909
27810,4910
27811,4911
27812,4912
27813,4913
27814,4914
27815,4915
27816,4916
27817,4917
27818,4918
27819,4919
27820,4920
27821,4921
27822,4922
27823,4923
27824,4924
27825,4925
27826,4926
27827,4927
27828,4928
27829,4929
27830,4930
27831,4931
27832,4932
27833,4933
27834,4934
27835,4935
27836,4936
27837,4937
27838,4938
27839,4939
27840,4940
27841,4941
27842,4942
27843,4943
27844,4944
27845,4945
27846,4946
27847,4947
27848,4948
27849,4949
27850,4950
27851,4951
27852,4952
27853,4953
27854,4954
27855,4955
27856,4956
27857,4957
27858,4958
27859,4959
27860,4960
27861,4961
27862,4962
27863,4963
27864,4964
27865,4965
27866,4966
27867,4967
27868,4968
27869,4969
27870,4970
27871,4971
27872,4972
27873,4973
27874,4974
27875,4975
27876,4976
27877,4977
27878,4978
27879,4979
27880,4980
27881,4981
27882,4982
27883,4983
27884,4984
27885,4985
27886,4986
27887,4987
27888,4988
27889,4989
27890,4990
27891,4991
27892,4992
27893,4993
27894,4994
27895,4995
27896,4996
27897,4997
27898,4998
27899,4999
27900,5000
27901,5001
27902,5002
27903,5003
27904,5004
27905,5005
27906,5006
27907,5007
27908,5008
27909,5009
27910,5010
27911,5011
27912,5012
27913,5013
27914,5014
27915,5015
27916,5016
27917,5017
27918,5018
27919,5019
27920,5020
27921,5021
27922,5022
27923,5023
27924,5024
27925,5025
27926,5026
27927,5027
27928,5028
27929,5029
27930,5030
27931,5031
27932,5032
27933,5033
27934,5034
27935,5035
27936,5036
27937,5037
27938,5038
27939,5039
27940,5040
27941,5041
27942,5042
27943,5043
27944,5044
27945,5045
27946,5046
27947,5047
27948,5048
27949,5049
27950,5050
27951,5051
27952,5052
27953,5053
27954,5054
27955,5055
27956,5056
27957,5057
27958,5058
27959,5059
27960,5060
27961,5061
27962,5062
27963,5063
27964,5064
27965,5065
27966,5066
27967,5067
27968,5068
27969,5069
27970,5070
27971,5071
27972,5072
27973,5073
27974,5074
27975,5075
27976,5076
27977,5077
27978,5078
27979,5079
27980,5080
27981,5081
27982,5082
27983,5083
27984,5084
27985,5085
27986,5086
27987,5087
27988,5088
27989,5089
27990,5090
27991,5091
27992,5092
27993,5093
27994,5094
27995,5095
27996,5096
27997,5097
27998,5098
27999,5099
28000,5100
28001,5101
28002,5102
28003,5103
28004,5104
28005,5105
28006,5106
28007,5107
28008,5108
28009,5109
28010,5110
28011,5111
28012,5112
28013,5113
28014,5114
28015,5115
28016,5116
28017,5117
28018,5118
28019,5119
28020,5120
28021,5121
28022,5122
28023,5123
28024,5124
28025,5125
28026,5126
28027,5127
28028,5128
28029,5129
28030,5130
28031,5131
28032,5132
28033,5133
28034,5134
28035,5135
28036,5136
28037,5137
28038,5138
28039,5139
28040,5140
28041,5141
28042,5142
28043,5143
28044,5144
28045,5145
28046,5146
28047,5147
28048,5148
28049,5149
28050,5150
28051,5151
28052,5152
28053,5153
28054,5154
28055,5155
28056,5156
28057,5157
28058,5158
28059,5159
28060,5160
28061,5161
28062,5162
28063,5163
28064,5164
28065,5165
28066,5166
28067,5167
28068,5168
28069,5169
28070,5170
28071,5171
28072,5172
28073,5173
28074,5174
28075,5175
28076,5176
28077,5177
28078,5178
28079,5179
28080,5180
28081,5181
28082,5182
28083,5183
28084,5184
28085,5185
28086,5186
28087,5187
28088,5188
28089,5189
28090,5190
28091,5191
28092,5192
28093,5193
28094,5194
28095,5195
28096,5196
28097,5197
28098,5198
28099,5199
28100,5200
28101,5201
28102,5202
28103,5203
28104,5204
28105,5205
28106,5206
28107,5207
28108,5208
28109,5209
28110,5210
28111,5211
28112,5212
28113,5213
28114,5214
28115,5215
28116,5216
28117,5217
28118,5218
28119,5219
28120,5220
28121,5221
28122,5222
28123,5223
28124,5224
28125,5225
28126,5226
28127,5227
28128,5228
28129,5229
28130,5230
28131,5231
28132,5232
28133,5233
28134,5234
28135,5235
28136,5236
28137,5237
28138,5238
28139,5239
28140,5240
28141,5241
28142,5242
28143,5243
28144,5244
28145,5245
28146,5246
28147,5247
28148,5248
28149,5249
28150,5250
28151,5251
28152,5252
28153,5253
28154,5254
28155,5255
28156,5256
28157,5257
28158,5258
28159,5259
28160,5260
28161,5261
28162,5262
28163,5263
28164,5264
28165,5265
28166,5266
28167,5267
28168,5268
28169,5269
28170,5270
28171,5271
28172,5272
28173,5273
28174,5274
28175,5275
28176,5276
28177,5277
28178,5278
28179,5279
28180,5280
28181,5281
28182,5282
28183,5283
28184,5284
28185,5285
28186,5286
28187,5287
28188,5288
28189,5289
28190,5290
28191,5291
28192,5292
28193,5293
28194,5294
28195,5295
28196,5296
28197,5297
28198,5298
28199,5299
28200,5300
28201,5301
28202,5302
28203,5303
28204,5304
28205,5305
28206,5306
28207,5307
28208,5308
28209,5309
28210,5310
28211,5311
28212,5312
28213,5313
28214,5314
28215,5315
28216,5316
28217,5317
28218,5318
28219,5319
28220,5320
28221,5321
28222,5322
28223,5323
28224,5324
28225,5325
28226,5326
28227,5327
28228,5328
28229,5329
28230,5330
28231,5331
28232,5332
28233,5333
28234,5334
28235,5335
28236,5336
28237,5337
28238,5338
28239,5339
28240,5340
28241,5341
28242,5342
28243,5343
28244,5344
28245,5345
28246,5346
28247,5347
28248,5348
28249,5349
28250,5350
28251,5351
28252,5352
28253,5353
28254,5354
28255,5355
28256,5356
28257,5357
28258,5358
28259,5359
28260,5360
28261,5361
28262,5362
28263,5363
28264,5364
28265,5365
28266,5366
28267,5367
28268,5368
28269,5369
28270,5370
28271,5371
28272,5372
28273,5373
28274,5374
28275,5375
28276,5376
28277,5377
28278,5378
28279,5379
28280,5380
28281,5381
28282,5382
28283,5383
28284,5384
28285,5385
28286,5386
28287,5387
28288,5388
28289,5389
28290,5390
28291,5391
28292,5392
28293,5393
28294,5394
28295,5395
28296,5396
28297,5397
28298,5398
28299,5399
28300,5400
28301,5401
28302,5402
28303,5403
28304,5404
28305,5405
28306,5406
28307,5407
28308,5408
28309,5409
28310,5410
28311,5411
28312,5412
28313,5413
28314,5414
28315,5415
28316,5416
28317,5417
28318,5418
28319,5419
28320,5420
28321,5421
28322,5422
28323,5423
28324,5424
28325,5425
28326,5426
28327,5427
28328,5428
28329,5429
28330,5430
28331,5431
28332,5432
28333,5433
28334,5434
28335,5435
28336,5436
28337,5437
28338,5438
28339,5439
28340,5440
28341,5441
28342,5442
28343,5443
28344,5444
28345,5445
28346,5446
28347,5447
28348,5448
28349,5449
28350,5450
28351,5451
28352,5452
28353,5453
28354,5454
28355,5455
28356,5456
28357,5457
28358,5458
28359,5459
28360,5460
28361,5461
28362,5462
28363,5463
28364,5464
28365,5465
28366,5466
28367,5467
28368,5468
28369,5469
28370,5470
28371,5471
28372,5472
28373,5473
28374,5474
28375,5475
28376,5476
28377,5477
28378,5478
28379,5479
28380,5480
28381,5481
28382,5482
28383,5483
28384,5484
28385,5485
28386,5486
28387,5487
28388,5488
28389,5489
28390,5490
28391,5491
28392,5492
28393,5493
28394,5494
28501,5495
28502,5496
48595,5496
28503,5497
28504,5498
28505,5499
28507,5500
28508,5501
28509,5502
28510,5503
28511,5504
28512,5505
28513,5506
28514,5507
48256,5507
28515,5508
28516,5509
28517,5510
28518,5511
28519,5512
28520,5513
28521,5514
28522,5515
28523,5516
28524,5517
28525,5518
28618,5519
28619,5520
28620,5521
28621,5522
28622,5523
28623,5524
28632,5525
28632,5526
28633,5527
28634,5528
28635,5529
28637,5530
28638,5531
28641,5532
28645,5533
28646,5534
28647,5535
28732,5536
28733,5537
28734,5538
28735,5539
28736,5540
28738,5541
28739,5542
28740,5543
28741,5544
28742,5545
28746,5546
28747,5547
28748,5548
28749,5549
28750,5550
28751,5551
28752,5552
28753,5553
28754,5554
28755,5555
28756,5556
28757,5557
28758,5558
28759,5559
28763,5560
28764,5561
28765,5562
53999,5562
28766,5563
28767,5564
28768,5565
28769,5566
28770,5567
28771,5568
28772,5569
28773,5570
28938,5571
28939,5572
28940,5573
28941,5574
28942,5575
28943,5576
28944,5577
29065,5578
29066,5579
29067,5580
29068,5581
29069,5582
29070,5583
29071,5584
29072,5585
29073,5586
29074,5587
29075,5588
29077,5590
29078,5591
29079,5592
29080,5593
29081,5594
29082,5595
29083,5596
29084,5597
29085,5598
29086,5599
29095,5616
29097,5621
29098,5622
29244,5623
29245,5624
29246,5625
29247,5626
29248,5627
29249,5628
29335,5629
29250,5630
29254,5632
29331,5633
29335,5635
29335,5636
29335,5637
29337,5642
34462,5642
29338,5643
29442,5644
29442,5645
29442,5646
29442,5647
29442,5648
29442,5649
29442,5650
29446,5651
29447,5652
29449,5653
29450,5654
29456,5655
29477,5656
29478,5657
29479,5658
29480,5659
29481,5660
29482,5661
29483,5662
29485,5663
29486,5664
29487,5665
29488,5666
29489,5667
29490,5668
29491,5669
29492,5670
29495,5671
29496,5672
29497,5673
50806,5673
29498,5674
50805,5674
29499,5675
29500,5676
29501,5677
29502,5678
29503,5679
29504,5680
29505,5681
29510,5682
29511,5683
29512,5684
29513,5685
29514,5686
29515,5687
29516,5688
30058,5689
30060,5690
30062,5691
30063,5692
30064,5693
30065,5694
30069,5695
30070,5696
30071,5697
30247,5698
30251,5699
30451,5700
30452,5701
30453,5702
30454,5703
30455,5704
30456,5705
30457,5706
50479,5706
30458,5707
30459,5708
30460,5709
30462,5710
30599,5711
30600,5712
30601,5713
30602,5714
30603,5715
30604,5716
30605,5717
30607,5718
30608,5719
30609,5720
30610,5721
30611,5722
30616,5723
30617,5724
30618,5725
30619,5726
30620,5727
30621,5728
30622,5729
30624,5730
30937,5731
30938,5732
30939,5733
30940,5734
30941,5735
48569,5735
30942,5736
30943,5737
30944,5738
30945,5739
31207,5740
31208,5741
31209,5742
31210,5743
31211,5744
31212,5745
31213,5746
31214,5747
31309,5748
31310,5749
31311,5750
31312,5751
31314,5752
31315,5753
31542,5754
31720,5755
31721,5756
48583,5756
31722,5757
31723,5758
31815,5759
31872,5760
31874,5761
31875,5762
31876,5763
31877,5764
31878,5765
31880,5766
31881,5767
31887,5768
31888,5769
31889,5770
31891,5771
48253,5771
32066,5772
32146,5773
32154,5774
32155,5775
32157,5776
32318,5777
32319,5778
32320,5779
32322,5780
32323,5781
32324,5782
32325,5783
32326,5784
32327,5785
32328,5786
50484,5786
32329,5787
32330,5789
32388,5790
32389,5791
32390,5792
49157,5792
32391,5793
32516,5794
32517,5795
32586,5796
32587,5797
32588,5798
32589,5799
32590,5800
32591,5801
32592,5802
32690,5803
32691,5804
32773,5805
32774,5806
32775,5807
32776,5808
32777,5809
32778,5810
32781,5811
32782,5812
32830,5813
32831,5814
32832,5815
32833,5816
32834,5817
32835,5818
32836,5819
32837,5820
49179,5820
49180,5820
32838,5821
32839,5822
32998,5823
32999,5824
33000,5825
33001,5826
49176,5826
33002,5827
50804,5827
33067,5828
33068,5829
33305,5830
33306,5831
33307,5832
33309,5833
33310,5834
33311,5835
33312,5836
33313,5837
33314,5838
33433,5839
33434,5840
33435,5841
33436,5842
33437,5843
33438,5844
33439,5845
33440,5846
33746,5847
33747,5848
33748,5849
33749,5850
33750,5851
33751,5852
33752,5853
33795,5854
33795,5855
33795,5856
33796,5866
33797,5867
33876,5868
33877,5869
33878,5870
52324,5870
33879,5871
33880,5872
33881,5873
33882,5874
33883,5875
33884,5876
33885,5878
33886,5879
33887,5880
33888,5881
33889,5882
33890,5883
33891,5884
33892,5885
33893,5886
33894,5887
33895,5888
33964,5889
33965,5890
33966,5891
33967,5892
33968,5893
33969,5894
33970,5895
34019,5896
34020,5897
49182,5897
34021,5898
53603,5898
34022,5899
34186,5900
34187,5901
34188,5902
34189,5903
34190,5904
34192,5905
34193,5906
34194,5907
34195,5908
34196,5909
34197,5910
34198,5911
34199,5912
34212,5913
34213,5914
34214,5915
34352,5916
34353,5917
34354,5918
48564,5918
34355,5919
34356,5920
34357,5921
34358,5922
34359,5923
34360,5924
34361,5925
34362,5926
34363,5927
34364,5928
34459,5930
34460,5931
34461,5932
34467,5933
34469,5934
34470,5935
34471,5936
34472,5937
34473,5938
34474,5939
34475,5940
34476,5941
34477,5942
34478,5943
34479,5944
34607,5945
34608,5946
34631,5947
34634,5948
34732,5949
34833,5950
34834,5951
34835,5952
34966,5953
34967,5954
34968,5955
34969,5956
34970,5957
34971,5958
34972,5959
34973,5960
34974,5961
34975,5962
35159,5963
35160,5964
35161,5965
35162,5966
35163,5967
48592,5967
35164,5968
35165,5969
35166,5970
35167,5971
35168,5972
35169,5973
35170,5974
35172,5975
35173,5976
35174,5977
35175,5978
35176,5979
35451,5980
35452,5981
35474,5982
35475,5983
35476,5984
35477,5985
35478,5986
35479,5987
35480,5988
35481,5989
35482,5990
35483,5991
35484,5992
35485,5993
35556,5994
35557,5995
35597,5996
35598,5997
35599,5998
35600,5999
35601,6000
35602,6001
35603,6002
35604,6003
35605,6004
35606,6005
35607,6006
38956,6008
39282,6008
40112,6009
50486,6011
40407,6013
40408,6014
40409,6015
40410,6016
40411,6016
40412,6017
40413,6018
40414,6018
40415,6018
40416,6018
40417,6021
41303,6022
41622,6023
42593,6024
46329,6025
46330,6026
46331,6026
46332,6027
46991,6030
46992,6031
47193,6032
47194,6032
47195,6032
47353,6033
47354,6035
47355,6035
47356,6035
47357,6035
47358,6036
47359,6036
47360,6037
47361,6038
47362,6038
47363,6039
47714,6040
47715,6041
47716,6043
47931,6044
47932,6046
47933,6047
47934,6047
47935,6048
47936,6049
48163,6050
48166,6051
48249,6053
48250,6054
48251,6055
48252,6056
48254,6057
48255,6058
48418,6059
48560,6060
48561,6061
48562,6062
48563,6063
48565,6064
48566,6064
48567,6065
48568,6066
48570,6067
48571,6068
50486,6069
48572,6070
48573,6070
48574,6071
48576,6072
48577,6073
48578,6074
48579,6075
48580,6076
48581,6077
48582,6078
48584,6079
48585,6079
48586,6080
48587,6081
48588,6082
48589,6083
48590,6084
48591,6085
48593,6086
48594,6087
48596,6088
49154,6089
49155,6091
49156,6092
49160,6094
49161,6095
49162,6095
49163,6095
49164,6096
49165,6097
49166,6097
49167,6098
49168,6099
49169,6100
49170,6101
49171,6102
49172,6103
49173,6104
49174,6105
49175,6106
49177,6107
49178,6108
49181,6109
49544,6110
49545,6111
49546,6112
49547,6113
49548,6114
49549,6115
49550,6116
49551,6116
49552,6117
49553,6117
49554,6118
49555,6119
49556,6120
49557,6121
49558,6121
49559,6122
49560,6123
49561,6124
49562,6125
49563,6126
49565,6126
49566,6126
49567,6126
49568,6126
49569,6126
49564,6127
49570,6128
49571,6129
49572,6130
49573,6131
49574,6131
49575,6132
49576,6133
49579,6134
49582,6135
49583,6136
49584,6137
49585,6138
50030,6139
50031,6139
50032,6140
50033,6141
50034,6141
50035,6142
50378,6143
50379,6144
50478,6145
50480,6146
50481,6147
50483,6148
50485,6149
50487,6150
50489,6151
50490,6151
50491,6151
50801,6152
50802,6154
50803,6155
50804,6156
51024,6157
51025,6158
51026,6158
51027,6158
51028,6159
51029,6160
51030,6161
51031,6161
51033,6162
51034,6163
51202,6164
51203,6165
51204,6166
51205,6167
51206,6168
51207,6169
51430,6170
51431,6171
51433,6172
51516,6173
51517,6174
51518,6176
51519,6177
51520,6180
51523,6181
51524,6182
51525,6183
51526,6184
51527,6185
51528,6186
51529,6187
51530,6188
51531,6189
51532,6190
51534,6192
51535,6194
51700,6196
51701,6197
51702,6198
51703,6199
51704,6200
51705,6201
51706,6202
51707,6203
51708,6204
51709,6206
51711,6207
51712,6208
51713,6209
51714,6210
51716,6211
51717,6212
51718,6213
51719,6213
51719,6214
51720,6215
51721,6216
51723,6217
51724,6218
51725,6219
51863,6220
51864,6221
51865,6222
51866,6224
51867,6225
51868,6226
51869,6227
51870,6228
51871,6229
51872,6230
51873,6231
51874,6232
51875,6233
51876,6234
51877,6235
52325,6236
52326,6237
52328,6238
52542,6239
52543,6240
52544,6241
52545,6241
52546,6242
52547,6243
52548,6244
52549,6245
52550,6246
52551,6247
52785,6248
52786,6249
52789,6250
52790,6251
52791,6252
52792,6252
52793,6253
52932,6254
52933,6255
52934,6256
52935,6257
52936,6258
52937,6259
52938,6260
52939,6261
52940,6261
52941,6261
52942,6262
52943,6263
52944,6264
53208,6265
53210,6266
53211,6267
53212,6268
53213,6269
53214,6270
53215,6271
53216,6272
53217,6273
53218,6274
53219,6274
53220,6275
53221,6276
53222,6277
53223,6278
53224,6278
53228,6279
53229,6280
53599,6281
53600,6282
53601,6283
53602,6284
53604,6285
53826,6286
53827,6287
53828,6289
53829,6290
53831,6291
53832,6292
53833,6292
53834,6293
53835,6294
53836,6295
53837,6296
53838,6297
53839,6297
53840,6298
53841,6299
53842,6299
53843,6300
53844,6301
53845,6302
53846,6303
53847,6304
53848,6304
53849,6305
53850,6306
53852,6307
53854,6308
53855,6310
53856,6311
53857,6312
53990,6313
53991,6314
53992,6315
53993,6316
53994,6317
53995,6317
53996,6318
53997,6319
53998,6320
54000,6321
54001,6322
54003,6323
54004,6324
54292,6325
54293,6326
54294,6327
54295,6327
54296,6328
54297,6329
54298,6330
54299,6331
54634,6332
54635,6333
54636,6334
54637,6335
54638,6335
54639,6336
54640,6337
54641,6338
54720,6339
54721,6340
54722,6341
54723,6342
54724,6343
54725,6344
54726,6345
54727,6346
54728,6347
54729,6348
54730,6349
54731,6351
54732,6352
54733,6353
54734,6354
54735,6355
54736,6356
54737,6357
54738,6358
54739,6359
54740,6360
54768,6361
54769,6362
54770,6363
54771,6364
54773,6365
54774,6366
54775,6367
55189,6368
55188,6369
55190,6370
55191,6371
55194,6372
55195,6373
